;Entry;Protein;Source;Mutation;ddG;Measure;Mesthod;REFERENCE;log(p);d_log(p);dssp;WT_AA;Position;Mut_AA
0;35;Gene V;Bacteriophage f0;['WILD'];0;;;;204.7482359014375;0.0;None;Non;Non;WILD
1;36;Gene V;Bacteriophage f1;['V', '70', 'C'];-3.10;CD;GdnHCl;J MOL BIOL 219, 257-275 (1991) PMID: 2038057;208.21383793310196;-3.465602031664446;E;V;70,;C
2;37;Gene V;Bacteriophage f1;['V', '70', 'P'];-5.00;CD;GdnHCl;J MOL BIOL 219, 257-275 (1991) PMID: 2038057;203.14041893655263;1.6078169648848757;S;V;70,;P
3;557;Gene V;Bacteriophage f1;['Y', '41', 'F'];-0.60;CD;GdnHCl;PROC NATL ACAD SCI U S A 90, 8367-8371 (1993) PMID: 8378307;204.3937782444641;0.35445765697340903;G;Y;41,;F
4;565;Gene V;Bacteriophage f1;['L', '65', 'P'];-1.50;CD;GdnHCl;PROC NATL ACAD SCI U S A 90, 8367-8371 (1993) PMID: 8378307;203.18190656949065;1.5663293319468607;-;L;65,;P
5;567;Gene V;Bacteriophage f1;['F', '73', 'W'];0,055555556;CD;GdnHCl;PROC NATL ACAD SCI U S A 90, 8367-8371 (1993) PMID: 8378307;205.96777995409826;-1.2195440526607513;-;F;73,;W
6;571;Gene V;Bacteriophage f1;['A', '86', 'T'];-0.70;CD;GdnHCl;PROC NATL ACAD SCI U S A 90, 8367-8371 (1993) PMID: 8378307;205.35960883323276;-0.6113729317952448;-;A;86,;T
7;572;Gene V;Bacteriophage f1;['A', '86', 'V'];00.50;CD;GdnHCl;PROC NATL ACAD SCI U S A 90, 8367-8371 (1993) PMID: 8378307;205.06641693717486;-0.31818103573735357;-;A;86,;V
8;2233;Gene V;Bacteriophage f1;['E', '30', 'F,', 'A', '86', 'T'];01.17;CD;GdnHCl;PROC NATL ACAD SCI U S A 90, 8367-8371 (1993) PMID: 8378307;207.12992631134347;-2.381690409905957;-;EA;30,86,;FT
9;2234;Gene V;Bacteriophage f1;['E', '30', 'F,', 'A', '86', 'V'];02.05;CD;GdnHCl;PROC NATL ACAD SCI U S A 90, 8367-8371 (1993) PMID: 8378307;206.83673441528558;-2.088498513848066;E;EA;30,86,;FV
10;2255;Gene V;Bacteriophage f1;['Y', '41', 'F,', 'F', '73', 'W'];-0.66;CD;GdnHCl;PROC NATL ACAD SCI U S A 90, 8367-8371 (1993) PMID: 8378307;205.6133222971248;-0.8650863956872854;E;YF;41,73,;FW
11;2258;Gene V;Bacteriophage f1;['L', '65', 'P,', 'F', '68', 'L'];-4.25;CD;GdnHCl;PROC NATL ACAD SCI U S A 90, 8367-8371 (1993) PMID: 8378307;202.77226969037446;1.975966211063053;-;LF;65,68,;PL
12;3234;Gene V;Bacteriophage f1;['L', '37', 'A'];-7.70;CD;GdnHCl;BIOCHEMISTRY 34, 11970-11978 (1995) PMID: 7547934;204.5313007791492;0.21693512228830514;E;L;37,;A
13;3235;Gene V;Bacteriophage f1;['L', '37', 'C'];-4.60;CD;GdnHCl;BIOCHEMISTRY 34, 11970-11978 (1995) PMID: 7547934;207.41079684899591;-2.6625609475584042;S;L;37,;C
14;3236;Gene V;Bacteriophage f1;['L', '37', 'I'];-1.40;CD;GdnHCl;BIOCHEMISTRY 34, 11970-11978 (1995) PMID: 7547934;205.17843504106048;-0.43019913962297096;S;L;37,;I
15;3237;Gene V;Bacteriophage f1;['L', '37', 'T'];-5.20;CD;GdnHCl;BIOCHEMISTRY 34, 11970-11978 (1995) PMID: 7547934;204.0953887408815;0.6528471605560071;S;L;37,;T
16;3238;Gene V;Bacteriophage f1;['L', '37', 'V'];-3.50;CD;GdnHCl;BIOCHEMISTRY 34, 11970-11978 (1995) PMID: 7547934;205.2893642222108;-0.5411283207732822;E;L;37,;V
17;3260;Gene V;Bacteriophage f1;['V', '19', 'C'];-0.30;CD;GdnHCl;BIOCHEMISTRY 34, 11970-11978 (1995) PMID: 7547934;209.5979890258671;-4.849753124429583;S;V;19,;C
18;3261;Gene V;Bacteriophage f1;['V', '19', 'T'];-0.60;CD;GdnHCl;BIOCHEMISTRY 34, 11970-11978 (1995) PMID: 7547934;204.52620555362364;0.22203034781387032;G;V;19,;T
19;3262;Gene V;Bacteriophage f1;['K', '24', 'V'];0,055555556;CD;GdnHCl;BIOCHEMISTRY 34, 11970-11978 (1995) PMID: 7547934;206.27486438770978;-1.5266284862722728;T;K;24,;V
20;3270;Gene V;Bacteriophage f1;['E', '40', 'C'];-1.60;CD;GdnHCl;BIOCHEMISTRY 34, 11970-11978 (1995) PMID: 7547934;209.17822624953578;-4.429990348098272;-;E;40,;C
21;3271;Gene V;Bacteriophage f1;['E', '40', 'T'];-0.40;CD;GdnHCl;BIOCHEMISTRY 34, 11970-11978 (1995) PMID: 7547934;205.986033361254;-1.237797459816477;-;E;40,;T
22;3272;Gene V;Bacteriophage f1;['Y', '41', 'A'];-0.40;CD;GdnHCl;BIOCHEMISTRY 34, 11970-11978 (1995) PMID: 7547934;203.8419639801886;0.9062719212489014;E;Y;41,;A
25;3284;Gene V;Bacteriophage f1;['V', '70', 'T'];-3.50;CD;GdnHCl;BIOCHEMISTRY 34, 11970-11978 (1995) PMID: 7547934;204.17561510161823;0.5726207998192763;E;V;70,;T
